Iteration,dLoss,LossAfter,KLBefore,Entropy,MaxReturn,LossBefore,MinReturn,EnvExecTime,TotalEnvSteps,AverageReturn,KL,GradNorm,StdReturn,AverageDiscountedReturn,PolicyExecTime,NumTrajs,ProcessExecTime
0,-0.003062725067138672,-0.1778620332479477,0.0,1.585558295249939,70.7,-0.18092475831508636,10.000000000000002,3.3795204162597656,7665,42.087500000000006,0.0011559755075722933,0.33057254840713135,13.345264843756382,26.640073470965056,4.448682546615601,320,0.12035012245178223
1,0.0015788376331329346,-0.17763660848140717,0.0011471186298877,1.584198236465454,69.9,-0.17605777084827423,10.00000000000001,3.4581751823425293,15254,42.27750000000001,0.0011313959257677197,0.3868213970078666,14.179553721820724,28.429148020446412,4.566616773605347,320,0.1253666877746582
2,0.0028889328241348267,-0.1767001897096634,0.001106934854760766,1.5826390981674194,71.8,-0.17381125688552856,3.552713678800501e-15,3.622779369354248,22826,44.94634146341464,0.0010685465531423688,0.38703272317909687,15.704902101883478,29.535435424286202,4.820111274719238,328,0.13227534294128418
3,0.0013325512409210205,-0.17651404440402985,0.0010372600518167019,1.5834834575653076,71.39999999999999,-0.17518149316310883,30.0,3.0554418563842773,30431,49.98809523809524,0.0010215648217126727,0.43992763408675006,11.823366742759305,35.62489891502738,4.3374183177948,336,0.11475729942321777
4,0.0010356903076171875,-0.17522813379764557,0.0010089195566251874,1.5816576480865479,76.2,-0.17419244349002838,20.000000000000014,3.0865252017974854,38008,50.530952380952385,0.0009772379416972399,0.353213667138007,12.55696520993216,34.74259641031087,4.2724082469940186,336,0.11484241485595703
5,-0.0011834651231765747,-0.17987580597400665,0.0009271964081563056,1.581537127494812,72.10000000000001,-0.18105927109718323,29.999999999999993,2.975843906402588,45590,50.972093023255816,0.0011299267644062638,0.40534770198248016,12.923933550198688,38.28374742942605,4.275042533874512,344,0.11448812484741211
6,0.0007607787847518921,-0.17801955342292786,0.0011130089405924082,1.580133318901062,74.80000000000001,-0.17725877463817596,30.000000000000007,2.9024178981781006,53286,53.87272727272727,0.0011582738952711225,0.43805651937638496,10.988348449739503,38.74112935691219,4.199477672576904,352,0.11222004890441895
7,0.0025382786989212036,-0.17794452607631683,0.0010095699690282345,1.5798171758651733,74.70000000000005,-0.17540624737739563,20.000000000000007,2.9775283336639404,60824,58.5529411764706,0.0009947385406121612,0.445622143519896,13.369299818015556,42.019792875586596,4.16641902923584,408,0.1106574535369873
8,-0.0027526021003723145,-0.1781919300556183,0.0009952624095603824,1.5760806798934937,76.0,-0.1809445321559906,39.99999999999998,2.9085631370544434,68486,58.85306122448979,0.0010004356736317277,0.44912396077880173,11.133477774873336,42.40044343148585,4.202680587768555,392,0.11091351509094238
9,0.0006774961948394775,-0.17762115597724915,0.0009769572643563151,1.5750129222869873,73.90000000000003,-0.17694365978240967,40.00000000000001,3.1102752685546875,76160,61.251999999999995,0.0010983427055180073,0.47627932764329284,9.142105665545545,44.87052542524659,4.627506494522095,400,0.12432289123535156
10,0.0005928128957748413,-0.17746666073799133,0.0009507311624474823,1.5759263038635254,76.0,-0.1768738478422165,30.000000000000018,2.9815142154693604,83691,65.20169491525424,0.0008370681316591799,0.4259394009229226,9.039358225408611,48.51039234839434,4.391276836395264,472,0.11807775497436523
11,0.0008562654256820679,-0.17832863330841064,0.0008497130475006998,1.5735068321228027,78.20000000000002,-0.17747236788272858,30.000000000000007,2.9172170162200928,91283,63.87368421052632,0.0009106282377615571,0.44608656709433625,10.1005215483855,48.05288802363025,4.332109451293945,456,0.11487364768981934
12,-0.0002860724925994873,-0.17820796370506287,0.0007867158856242895,1.5730160474777222,76.50000000000001,-0.17849403619766235,49.99999999999997,3.2292487621307373,98837,68.47246376811592,0.0007543512037955225,0.4007788731049421,5.9447427525179615,50.78483639515449,4.609144926071167,552,0.12139248847961426
13,0.002575695514678955,-0.17675864696502686,0.0006948349182493985,1.574111819267273,77.80000000000001,-0.1741829514503479,49.99999999999999,2.896824598312378,106384,69.5310810810811,0.000682990939822048,0.35498880671109584,5.384911996462163,52.44131522671687,4.1172308921813965,592,0.10707306861877441
14,-0.0008825063705444336,-0.17773135006427765,0.0006624601082876325,1.572987675666809,76.8,-0.17861385643482208,50.0,2.9152450561523438,113884,69.87012987012987,0.0007269485504366457,0.37896428756078987,5.375921906684483,53.12503282246755,4.161035776138306,616,0.10546588897705078
15,-0.001954898238182068,-0.17444254457950592,0.0006578624015673995,1.5746698379516602,78.10000000000002,-0.176397442817688,49.999999999999986,2.8259336948394775,121426,70.55180722891566,0.0005597728304564953,0.41890315458181215,5.383360383912665,54.82881653109944,4.051149845123291,664,0.10248851776123047
16,-0.0021691322326660156,-0.17368225753307343,0.0005773575394414365,1.5732420682907104,77.5,-0.17585138976573944,49.99999999999999,2.831249952316284,129003,70.63012048192772,0.0005478823441080749,0.37075071175881025,5.035960681487113,54.610884862039875,4.067019939422607,664,0.1021122932434082
17,0.007443353533744812,-0.17460331320762634,0.0005304341320879757,1.5741981267929077,78.00000000000001,-0.16715995967388153,50.0,2.8593673706054688,136553,71.1046511627907,0.0005331725697033107,0.5351561741723418,3.987740135708516,54.90903798038809,4.066364049911499,688,0.10172033309936523
18,-0.00319884717464447,-0.1741531640291214,0.0005269370158202946,1.5733792781829834,77.00000000000003,-0.17735201120376587,49.99999999999999,2.8829290866851807,144070,71.24482758620692,0.000585423200391233,0.38901001389875384,3.9190591945355364,54.83125790624548,4.070646524429321,696,0.10112357139587402
19,0.0032434016466140747,-0.17575502395629883,0.0005968000623397529,1.5705809593200684,78.7,-0.17251162230968475,49.99999999999999,2.8406732082366943,151676,70.91264367816093,0.0007554670446552336,0.5474712975906008,5.258355247367519,55.753028943310504,4.077274560928345,696,0.10216450691223145
20,0.0035963207483291626,-0.17120563983917236,0.0006663122330792248,1.5713589191436768,77.2,-0.1676093190908432,62.699999999999996,2.9107770919799805,159198,72.69708737864077,0.00045821614912711084,0.4456224508436689,3.0827883076277844,57.79921410102255,4.061133623123169,824,0.10232400894165039
21,-0.0006526261568069458,-0.17443181574344635,0.0004532901511993259,1.5666550397872925,78.2,-0.1750844419002533,63.29999999999999,2.8755042552948,166728,72.75961538461539,0.0007594261551275849,0.43099613375377016,2.858372292015749,58.530251809747284,4.074291467666626,832,0.10283422470092773
22,0.0016383081674575806,-0.17222197353839874,0.0007341168238781393,1.566405177116394,78.69999999999999,-0.17058366537094116,50.000000000000014,2.94054913520813,174301,73.02454545454547,0.0005313870497047901,0.4638105956248449,3.4619276386439197,59.05773854561324,4.126615047454834,880,0.10222601890563965
23,-0.0005242079496383667,-0.17151665687561035,0.0004973170580342412,1.567150592803955,78.30000000000001,-0.17204086482524872,63.19999999999999,3.0094621181488037,181891,73.72727272727275,0.000420003809267655,0.39435545074305206,2.6388076445857167,59.543228934928564,4.113795518875122,968,0.10349082946777344
24,-0.00466136634349823,-0.1726422756910324,0.0004241841961629689,1.56315279006958,78.4,-0.17730364203453064,49.99999999999999,2.945183515548706,189391,73.55932203389833,0.0005784426466561854,0.511996144683505,3.295354647412995,59.59232189627876,4.065735816955566,944,0.10376715660095215
25,-0.00391116738319397,-0.17180167138576508,0.0006065717316232622,1.5634748935699463,78.60000000000001,-0.17571283876895905,49.99999999999999,2.900784492492676,196925,72.83888888888889,0.00047139544039964676,0.478723447533755,4.430425807922558,59.16717070684413,4.083002805709839,864,0.10310888290405273
26,-0.0033602863550186157,-0.17306013405323029,0.00043696939246729016,1.5662978887557983,78.2,-0.1764204204082489,49.99999999999999,3.0152313709259033,204450,73.59243697478993,0.000547299103345722,0.4428395590553136,3.5021280364719676,60.561663691541575,4.226063966751099,952,0.11052870750427246
27,0.0006228089332580566,-0.1747669279575348,0.0005112002836540341,1.5653218030929565,78.60000000000001,-0.17414411902427673,64.5,3.0156431198120117,211980,74.25190839694656,0.0004186300211586058,0.47196298116214486,2.6807584418723733,61.303478298399405,4.133871793746948,1048,0.1066291332244873
28,-0.0067887455224990845,-0.17293958365917206,0.000471960665890947,1.5625250339508057,78.20000000000002,-0.17972832918167114,49.999999999999986,2.984123945236206,219485,73.35775862068968,0.0004463227523956448,0.4856018879056478,4.069189338525617,60.00834058151969,4.163257122039795,928,0.10935616493225098
29,0.004084005951881409,-0.1686406135559082,0.00041553282062523067,1.5612112283706665,78.30000000000001,-0.1645566076040268,63.000000000000014,2.9810593128204346,226987,74.04603174603177,0.00036081060534343123,0.5678565559017528,2.6473901731990614,61.039242850762186,4.125913381576538,1008,0.10597538948059082
30,-0.00526389479637146,-0.17192305624485016,0.00034452552790753543,1.5572924613952637,78.20000000000002,-0.17718695104122162,50.0,3.0186238288879395,234523,74.30149253731345,0.0005736830062232912,0.47753323405536363,3.0226998180836366,61.81876765705694,4.140179634094238,1072,0.10866308212280273
31,0.005886644124984741,-0.17141938209533691,0.0005744083318859339,1.5566188097000122,79.19999999999999,-0.16553273797035217,60.99999999999999,2.975175142288208,242069,74.45147058823531,0.0005185870104469359,0.5595141489323839,2.5706197837611846,62.37801112103222,4.125068187713623,1088,0.10696554183959961
32,-0.0013081133365631104,-0.17131565511226654,0.000499762361869216,1.5570704936981201,78.30000000000001,-0.17262376844882965,64.1,3.0279741287231445,249626,74.67816901408453,0.0003924027259927243,0.5296227974220813,2.5027060339882192,63.04969465128455,4.1976072788238525,1136,0.1119391918182373
33,-6.935000419616699e-05,-0.16964194178581238,0.00043139245826750994,1.5570652484893799,78.00000000000003,-0.16971129179000854,49.99999999999998,2.92765736579895,257160,74.0198473282443,0.0004056735779158771,0.5724439209267677,4.536172173976484,62.7143121195576,4.138615369796753,1048,0.10815238952636719
34,-0.004464954137802124,-0.17146088182926178,0.0003851717337965965,1.5571014881134033,78.70000000000002,-0.1759258359670639,49.99999999999997,2.926588535308838,264688,74.28613138686131,0.00045307204709388316,0.5288685053286893,4.304304117850167,63.1011445864773,4.108573913574219,1096,0.10698604583740234
35,0.0005554705858230591,-0.1699560582637787,0.0004472995933610946,1.557100534439087,78.30000000000001,-0.16940058767795563,50.00000000000001,3.010978937149048,272238,74.4718309859155,0.0004078218771610409,0.5219550896074626,4.22143033962179,63.37389597050731,4.208514451980591,1136,0.1122279167175293
36,0.004174038767814636,-0.16885429620742798,0.0003706321003846824,1.5574848651885986,78.70000000000002,-0.16468025743961334,64.0,3.0390465259552,279794,75.1251612903226,0.0003768480964936316,0.4229858110402152,2.188874907591164,63.75070663033406,4.13016152381897,1240,0.1095132827758789
37,-0.002287760376930237,-0.16840507090091705,0.0003878157294820994,1.5566685199737549,78.9,-0.1706928312778473,64.9,3.028514862060547,287345,75.03223684210528,0.0004079751088283956,0.5611952468271859,2.4255113940885167,63.54513299812131,4.1193528175354,1216,0.10690450668334961
38,0.0016893595457077026,-0.16888415813446045,0.0004279755521565676,1.5553604364395142,78.20000000000002,-0.16719479858875275,49.99999999999999,2.951770544052124,294869,74.52867132867135,0.0003867086779791862,0.4565570501562711,4.2730350226229845,63.642850550021834,4.129690408706665,1144,0.1078653335571289
39,0.0009883642196655273,-0.16932125389575958,0.0003800878475885838,1.5541960000991821,78.39999999999999,-0.16833288967609406,49.99999999999999,2.919560670852661,302404,74.44326241134753,0.00036914146039634943,0.5931452342654766,4.343566285907987,63.65039121294614,4.117708921432495,1128,0.10747647285461426
40,0.0009654462337493896,-0.16715772449970245,0.00035352123086340725,1.5528279542922974,78.4,-0.16619227826595306,50.00000000000001,2.9991424083709717,309923,74.88657718120807,0.00036901747807860374,0.5214091927263745,3.1135266203864664,64.0867891275442,4.154994964599609,1192,0.11138319969177246
41,0.004597485065460205,-0.16745202243328094,0.00035398636828176677,1.5529457330703735,78.9,-0.16285453736782074,66.6,3.0364532470703125,317430,75.33726708074536,0.00034505067742429674,0.6088217911352856,2.0458356392509622,64.37147169788697,4.136919021606445,1288,0.10829615592956543
42,0.00013515353202819824,-0.16781970858573914,0.0003707481373567134,1.5527502298355103,78.80000000000001,-0.16768455505371094,49.999999999999986,3.0686216354370117,324969,74.90733333333334,0.0003534384013619274,0.43077651347924156,3.1417849845094326,63.951344425256345,4.22889256477356,1200,0.11495256423950195
43,-0.001851692795753479,-0.16841836273670197,0.0003365026495885104,1.5544421672821045,78.9,-0.17027005553245544,49.99999999999999,3.0167839527130127,332480,75.15222929936307,0.00042907329043373466,0.559409878897095,3.15944818989318,64.48130863476345,4.140953779220581,1256,0.10993671417236328
44,0.003979846835136414,-0.1679268330335617,0.00043423526221886277,1.555483341217041,79.0,-0.1639469861984253,50.00000000000001,2.9692211151123047,340025,75.1613924050633,0.0003955056599806994,0.6335574293127173,3.137275377678119,64.7784872862512,4.135290622711182,1264,0.10935401916503906
45,0.0031487494707107544,-0.16612333059310913,0.00037248944863677025,1.554446816444397,79.0,-0.16297458112239838,61.899999999999984,3.1686630249023438,347629,75.52705882352942,0.0003388894547242671,0.506653589523921,2.3466064726997353,65.21952606073218,4.309894561767578,1360,0.11472272872924805
46,-0.00020706653594970703,-0.16823327541351318,0.0003235025214962661,1.5536378622055054,78.39999999999999,-0.1684403419494629,49.99999999999999,3.0722732543945312,355156,75.5913294797688,0.00036270925193093717,0.5408401394513562,2.7482174929493732,65.32418715553315,4.153801202774048,1384,0.10986876487731934
47,-0.0040209293365478516,-0.1658419668674469,0.0003735220234375447,1.5528496503829956,79.19999999999999,-0.16986289620399475,61.599999999999994,3.0265681743621826,362691,75.54142011834321,0.0002907990710809827,0.474693049104759,2.3524254877831114,65.27823805511878,4.142892122268677,1352,0.1092994213104248
48,0.0008893311023712158,-0.16578489542007446,0.0002731506247073412,1.5522788763046265,79.1,-0.16489556431770325,70.39999999999998,3.113382577896118,370206,75.70571428571431,0.00030134577536955476,0.5195817828455134,1.7694781889654654,64.99574799589048,4.13576602935791,1400,0.10886597633361816
49,-0.002923727035522461,-0.16645994782447815,0.0002982068690471351,1.5535883903503418,78.70000000000003,-0.1693836748600006,60.90000000000002,3.0782244205474854,377718,75.77977528089889,0.0003486796049401164,0.5260809881370356,2.207071361430155,65.82456783697556,4.191538333892822,1424,0.11088275909423828
50,-0.0003719925880432129,-0.1660173386335373,0.0003510830574668944,1.5491054058074951,79.1,-0.1663893312215805,65.7,3.0140292644500732,385225,75.66069364161851,0.00038726843195036054,0.46127991859311623,1.9362270634935037,65.60135455151901,4.080229997634888,1384,0.10824012756347656
51,-0.0010613799095153809,-0.16362082958221436,0.00035724672488868237,1.54930579662323,79.1,-0.16468220949172974,70.39999999999998,3.094630718231201,392747,76.10259067357515,0.00034531456185504794,0.49008744831416695,1.644725758930403,66.32484345602171,4.121830701828003,1544,0.10842514038085938
52,0.0018816888332366943,-0.16458278894424438,0.00035132249468006194,1.5531665086746216,79.00000000000001,-0.1627011001110077,49.99999999999999,3.047088861465454,400261,76.07525773195877,0.00041118281660601497,0.5197982607104219,2.534302031969425,66.62940015230744,4.0879621505737305,1552,0.1093137264251709
53,0.0020421892404556274,-0.16388894617557526,0.00041855720337480307,1.5491158962249756,79.0,-0.16184675693511963,69.59999999999998,3.072934150695801,407793,75.95053763440862,0.00035828875843435526,0.5405220584073509,1.7726187210745845,65.98028649872487,4.11854100227356,1488,0.10904669761657715
54,0.00311434268951416,-0.16292425990104675,0.0003527382796164602,1.5501737594604492,78.60000000000001,-0.1598099172115326,62.400000000000006,2.9782137870788574,415298,76.00797872340428,0.0004098920908290893,0.5518721393558973,1.9396177950917748,66.6242255473223,4.0547401905059814,1504,0.10588645935058594
55,0.0037933140993118286,-0.16174310445785522,0.0003992026031482965,1.5478179454803467,78.50000000000003,-0.1579497903585434,69.6,3.0280447006225586,422816,76.20303030303032,0.00032285714405588806,0.48266700546045244,1.6345978126691434,66.7045433331113,4.042761564254761,1584,0.10498523712158203
56,0.0007605850696563721,-0.16357974708080292,0.0003122552880086005,1.5493311882019043,79.19999999999999,-0.16281916201114655,71.0,3.009531021118164,430323,76.3908653846154,0.00031745314481668174,0.5448072792005977,1.4219309802687095,67.22852796018205,4.012052774429321,1664,0.1042642593383789
57,0.0031357258558273315,-0.16210351884365082,0.00032703872420825064,1.5469293594360352,78.70000000000003,-0.1589677929878235,70.19999999999999,3.045340061187744,437827,76.33951219512196,0.0002880762331187725,0.5433002340923669,1.5581570590229303,66.82864709442761,3.977968454360962,1640,0.10390615463256836
58,-0.00019749999046325684,-0.16428788006305695,0.0002759938361123204,1.5450878143310547,79.1,-0.1644853800535202,68.99999999999999,3.0362415313720703,445335,76.42476190476192,0.0004017270402982831,0.6752943207422937,1.6252929964357337,67.35916675557736,4.012715816497803,1680,0.10507893562316895
59,-0.0026438087224960327,-0.1644226312637329,0.0004146513529121876,1.5455105304718018,78.7,-0.16706643998622894,68.49999999999999,3.02280855178833,452843,76.22713567839197,0.0003015396068803966,0.6357066403591674,1.5942318566466935,66.72355691211064,4.028656244277954,1592,0.10555291175842285
60,-0.001109480857849121,-0.16235683858394623,0.0002865370479412377,1.5447230339050293,78.70000000000002,-0.16346631944179535,70.4,3.024470567703247,460345,76.461320754717,0.00022354823886416852,0.6763379141194902,1.5269324752289704,67.36050706888756,3.990464210510254,1696,0.1043558120727539
61,0.0016760975122451782,-0.1613054871559143,0.0002308311959495768,1.542615294456482,78.9,-0.15962938964366913,68.19999999999997,3.0252156257629395,467852,76.33804878048782,0.0003914034168701619,0.47765525794648145,1.5558594511609372,67.07892163354809,3.997089147567749,1640,0.10561275482177734
62,-0.00448589026927948,-0.16205672919750214,0.0003923152689822018,1.545099139213562,79.1,-0.16654261946678162,68.49999999999999,2.9566664695739746,475376,76.32975609756099,0.0005222499021328986,0.48588731956435754,1.7928428002380135,67.48077583347077,3.9865870475769043,1640,0.10310983657836914
63,0.004615709185600281,-0.16241803765296936,0.0005203108885325491,1.543826937675476,78.89999999999999,-0.15780232846736908,64.3,3.0361766815185547,482893,76.42047619047621,0.00024055098765529692,0.5919843540035014,1.73496528355682,67.36048981438442,4.014666557312012,1680,0.10472655296325684
64,-0.0012874305248260498,-0.16305135190486908,0.0002361414663027972,1.5451326370239258,78.89999999999999,-0.16433878242969513,68.79999999999998,3.024496078491211,490406,76.50558139534886,0.0002729381376411766,0.5451888663464717,1.4862991378237862,67.77629157639149,4.017923355102539,1720,0.10758471488952637
65,0.0023592710494995117,-0.16270722448825836,0.0002788234269246459,1.544753909111023,79.19999999999999,-0.16034795343875885,71.10000000000001,3.030917167663574,497915,76.45801886792454,0.00031442081672139466,0.628401541183132,1.53876998159172,67.44448390624086,4.004380226135254,1696,0.10593199729919434
66,0.00018128752708435059,-0.16142769157886505,0.0003203718224540353,1.5455172061920166,79.0,-0.1612464040517807,70.20000000000003,3.021761655807495,505423,76.37294685990341,0.0003520093159750104,0.8233270580054357,1.5801432430870688,67.29418109549634,4.015384674072266,1656,0.10513710975646973
67,0.00147932767868042,-0.16342243552207947,0.00035108072916045785,1.5438367128372192,78.70000000000002,-0.16194310784339905,64.19999999999999,3.016066312789917,512948,76.36473429951691,0.0003036440466530621,0.6246708297045166,1.6386228464124695,67.26147811345517,4.01048469543457,1656,0.10597443580627441
68,-9.466707706451416e-05,-0.16164207458496094,0.00030308644636534154,1.5449000597000122,78.9,-0.16173674166202545,69.9,3.028569459915161,520452,76.40956937799044,0.0003565064980648458,0.6516662522446482,1.379343268676148,67.09708070108034,3.985661029815674,1672,0.10477995872497559
69,0.0030230432748794556,-0.1597084403038025,0.00035569965257309377,1.546897292137146,79.1,-0.15668539702892303,69.69999999999997,3.038421154022217,527971,76.43649289099527,0.00035415246384218335,0.6481816406491004,1.5013879909066041,67.40909130669782,4.014255523681641,1688,0.10718011856079102
70,-0.0006331503391265869,-0.16399072110652924,0.00033614132553339005,1.5478854179382324,79.1,-0.16462387144565582,72.19999999999999,3.0699355602264404,535480,76.73521739130437,0.00028878432931378484,0.6982152191058871,1.286391547550972,68.07839612576302,3.9951372146606445,1840,0.10625982284545898
71,-0.001139819622039795,-0.16238534450531006,0.0002980476419907063,1.5456181764602661,79.19999999999999,-0.16352516412734985,50.0,3.0733447074890137,542996,76.50642201834863,0.00039508604095317423,0.5187835685871649,2.266560876575262,67.65006641615643,4.0379416942596436,1744,0.10854434967041016
72,0.00405515730381012,-0.16168461740016937,0.00039064878365024924,1.5440658330917358,78.9,-0.15762946009635925,71.99999999999999,3.029909372329712,550512,76.56803652968038,0.0002484864671714604,0.9677366760130374,1.3530554898018547,67.71886002685015,3.9988903999328613,1752,0.10569214820861816
73,-0.002514749765396118,-0.16035881638526917,0.00024842857965268195,1.541894793510437,79.00000000000001,-0.16287356615066528,71.69999999999997,3.078596591949463,558063,76.61390134529148,0.0002782676601782441,0.6190950453235492,1.465610122312888,67.94223323839049,4.058048248291016,1784,0.10771775245666504
74,0.0003496110439300537,-0.160472109913826,0.00026889576110988855,1.5420812368392944,79.19999999999999,-0.16012249886989594,70.69999999999997,3.137681007385254,565599,76.75172413793106,0.0005723803769797087,0.554614032857397,1.3753358686104027,68.26871686617362,4.084245681762695,1856,0.10862135887145996
75,-0.000882759690284729,-0.1609644889831543,0.0005799343925900757,1.5391052961349487,79.0,-0.16184724867343903,70.69999999999997,3.0481061935424805,573110,76.63183856502245,0.00028925802325829864,0.709157273298702,1.4712856191242718,68.09665403938946,4.035828590393066,1784,0.10712909698486328
76,0.005529850721359253,-0.16123712062835693,0.0002750770654529333,1.540274739265442,79.1,-0.15570726990699768,70.3,3.0841355323791504,580647,76.80635593220342,0.00024607565137557685,0.6600466833299081,1.294218673566095,68.64218192255981,4.074136734008789,1888,0.10965418815612793
77,0.000875815749168396,-0.16105885803699493,0.0002506902674213052,1.5382686853408813,79.3,-0.16018304228782654,70.79999999999998,3.0352258682250977,588167,76.7304347826087,0.00029386236565187573,0.789415879225617,1.4567190002696802,68.61211448306891,4.035211801528931,1840,0.10698962211608887
78,-0.0028208643198013306,-0.16178080439567566,0.00030853261705487967,1.537293553352356,78.80000000000001,-0.164601668715477,70.19999999999996,2.9914958477020264,595684,76.55183486238533,0.00026767689269036055,0.7015022635685899,1.5465621330697215,68.17504401493849,4.028534173965454,1744,0.10625839233398438
79,-0.0013152062892913818,-0.1600150614976883,0.0002507071476429701,1.536584734916687,78.80000000000001,-0.16133026778697968,71.6,3.1002957820892334,603187,76.8072340425532,0.0002831737801898271,0.8717749948097123,1.272186427740137,68.39743970101168,4.012369632720947,1880,0.10672664642333984
80,-1.1801719665527344e-05,-0.15930409729480743,0.0002829319564625621,1.537216067314148,79.1,-0.15931589901447296,70.3,3.1159067153930664,610715,76.85020920502095,0.00030920293647795916,0.6204097979654659,1.2533094091491188,68.49676066662468,4.05064582824707,1912,0.10684514045715332
81,0.005345925688743591,-0.16064976155757904,0.00031848944490775466,1.5341792106628418,79.3,-0.15530383586883545,71.09999999999998,3.075890302658081,618231,76.67433628318585,0.00027788564329966903,0.7026499593962163,1.4314284443654166,68.06151223163437,4.013755559921265,1808,0.10551142692565918
82,-0.001253366470336914,-0.15973226726055145,0.00027539872098714113,1.5322880744934082,79.19999999999999,-0.16098563373088837,71.30000000000001,3.046616315841675,625746,76.67477876106196,0.0003453287063166499,0.6742923384559597,1.4163805281811999,68.31194116993423,4.025710344314575,1808,0.10657930374145508
83,0.0006720870733261108,-0.16024750471115112,0.0003399530833121389,1.5308113098144531,79.0,-0.159575417637825,71.60000000000001,3.062282085418701,633274,76.74112554112556,0.00033078217529691756,0.6063603485720656,1.4357213179632553,68.46662992143486,4.056126832962036,1848,0.10702943801879883
84,0.0002699047327041626,-0.15893080830574036,0.0003472922835499048,1.5315316915512085,79.0,-0.1586609035730362,67.90000000000002,2.9821956157684326,640791,76.56757990867581,0.00033915869425982237,0.6423080044618624,1.6229234253432456,68.11039934547459,3.9839837551116943,1752,0.10497450828552246
85,0.0008797794580459595,-0.15936174988746643,0.0003168901603203267,1.5338810682296753,79.1,-0.15848197042942047,72.99999999999997,3.0823402404785156,648291,76.93877551020408,0.00029509185696952045,0.5532094326004747,1.1893775299659917,68.74023610035738,3.9695510864257812,1960,0.10589480400085449
86,0.00029684603214263916,-0.15737280249595642,0.00030502965091727674,1.5342224836349487,79.19999999999999,-0.15707595646381378,71.69999999999999,3.0548055171966553,655803,76.84369747899161,0.0002759502676781267,0.5859631939759246,1.333513628560529,68.65643673466559,3.982231855392456,1904,0.10630297660827637
87,0.0004872232675552368,-0.15826430916786194,0.0002767558326013386,1.5333967208862305,78.9,-0.1577770859003067,71.09999999999997,3.064786434173584,663317,76.80255319148935,0.0003347777819726616,0.6247895129697906,1.3410673235597093,68.68356761019639,4.027093172073364,1880,0.10784792900085449
88,0.00022561848163604736,-0.15436576306819916,0.00033932883525267243,1.5352815389633179,79.19999999999999,-0.1541401445865631,69.39999999999996,3.0259828567504883,670837,76.74458874458874,0.0004995535709895194,0.9341847949918382,1.596005207722327,68.89925927281399,4.065000772476196,1848,0.1072845458984375
89,0.0011403709650039673,-0.15823420882225037,0.0004861197667196393,1.5350325107574463,79.1,-0.1570938378572464,68.09999999999998,3.0553665161132812,678347,76.84453781512605,0.00027623746427707374,0.6332991360336128,1.3986606726227215,68.87303115525167,4.045366287231445,1904,0.10838079452514648
90,0.0037949830293655396,-0.15584877133369446,0.00027933844830840826,1.5349041223526,79.3,-0.15205378830432892,68.99999999999999,3.085395336151123,685872,76.83823529411768,0.0004151071480009705,0.8307428102266651,1.4410868605308507,68.74086663854344,4.057344198226929,1904,0.1077260971069336
91,0.00020717084407806396,-0.15616431832313538,0.0004153030749876052,1.5345838069915771,79.30000000000001,-0.1559571474790573,72.4,3.1008052825927734,693389,76.84159663865547,0.0002864606794901192,0.6935033191916031,1.2684573328917494,68.48842251983501,4.034288644790649,1904,0.10799813270568848
92,0.004558101296424866,-0.15726958215236664,0.0002777808695100248,1.5347031354904175,79.19999999999999,-0.15271148085594177,70.9,3.1149394512176514,700895,76.92377049180328,0.00024356138601433486,0.62303273343767,1.3066697300356944,68.88711862927349,4.0440168380737305,1952,0.10854244232177734
93,0.00029391050338745117,-0.15647836029529572,0.00024213311553467065,1.532212257385254,79.19999999999999,-0.15618444979190826,68.6,3.02305006980896,708411,76.90699588477366,0.00040556935709901154,0.7490471641062568,1.4553125426144318,69.04398278618683,3.972893714904785,1944,0.10615158081054688
94,0.005445569753646851,-0.15643659234046936,0.0004071415460202843,1.531450867652893,79.19999999999999,-0.1509910225868225,72.79999999999998,3.115917444229126,715935,76.92897959183675,0.0002574292302597314,0.7677692030019998,1.2000412321112872,68.68689906060362,4.030836582183838,1960,0.1067056655883789
95,0.00027288496494293213,-0.156943216919899,0.0002466870646458119,1.5295237302780151,79.1,-0.15667033195495605,70.59999999999998,3.0454206466674805,723445,77.04330708661419,0.0005537374527193606,0.6183545742738423,1.2652901413977287,69.590356958611,4.017660140991211,2032,0.1067812442779541
96,0.0033216625452041626,-0.15463195741176605,0.0005517711397260427,1.5295131206512451,79.30000000000001,-0.1513102948665619,71.10000000000001,3.1357719898223877,730950,77.12452107279695,0.0002496658416930586,0.6786391190929943,1.1647160460587536,69.37718895038549,4.043609380722046,2088,0.10775184631347656
97,-0.005590707063674927,-0.15604455769062042,0.00025126049877144396,1.5309032201766968,79.30000000000001,-0.16163526475429535,70.50000000000001,3.1311228275299072,738450,77.11538461538463,0.000302534899674356,0.5657220492430528,1.1694483603202066,69.51104436406592,4.060650825500488,2080,0.10883259773254395
98,-0.0015202462673187256,-0.15442074835300446,0.0003133636782877147,1.5306934118270874,79.3,-0.15594099462032318,71.1,3.114307403564453,745950,76.90082644628102,0.00026921884273178875,0.8116214004112803,1.2760667789832003,68.83728770792717,4.073566675186157,1936,0.11030054092407227
99,-0.0010116249322891235,-0.15521426498889923,0.0002625427732709795,1.5313433408737183,78.9,-0.15622588992118835,71.69999999999999,3.109175205230713,753470,77.03937007874018,0.00025221286341547966,1.010698217339314,1.118889880117398,69.11889860851875,4.032006025314331,2032,0.10832667350769043
100,-0.0023787319660186768,-0.15344898402690887,0.00025051384000107646,1.530266523361206,79.3,-0.15582771599292755,72.50000000000001,3.072789192199707,760972,77.0580392156863,0.00035657157422974706,0.7271760022161877,1.1041472969509478,69.40199117995694,4.030359745025635,2040,0.1082601547241211
101,-0.0008584260940551758,-0.15373606979846954,0.0003588914405554533,1.5316253900527954,79.19999999999999,-0.15459449589252472,71.59999999999998,3.1136982440948486,768476,77.02222222222224,0.00028442672919481993,0.7553580326828713,1.2488654463144688,69.25957987972177,4.052200078964233,2016,0.10802149772644043
102,0.003307059407234192,-0.1539524644613266,0.0002841303066816181,1.5328088998794556,79.1,-0.1506454050540924,68.8,3.1018412113189697,775989,76.95829959514172,0.00033481972059234977,0.692034417347381,1.4310332693320118,69.14756969892048,4.071775436401367,1976,0.10799121856689453
103,0.004071846604347229,-0.15385450422763824,0.0003230570291634649,1.5355840921401978,79.30000000000001,-0.14978265762329102,73.90000000000003,3.0890161991119385,783521,77.12519083969467,0.00037623915704898536,0.8386675371969171,1.1290976949766476,69.49166933579201,3.999603509902954,2096,0.1077890396118164
104,-0.0011125057935714722,-0.1549096703529358,0.0003775302320718765,1.5358246564865112,79.1,-0.15602217614650726,71.59999999999998,3.0348737239837646,791026,77.14638783269963,0.0002896421356126666,0.6723263671406821,1.201289023202329,69.77842855888908,3.962477922439575,2104,0.1065824031829834
105,0.002311989665031433,-0.15529188513755798,0.00030203588539734483,1.5353877544403076,79.39999999999999,-0.15297989547252655,49.99999999999998,3.0613842010498047,798532,76.94538152610443,0.00027051439974457026,0.7052541430570639,2.0559612500401734,69.32290813070216,4.040342569351196,1992,0.10816502571105957
106,0.00012880563735961914,-0.15069885551929474,0.00025466602528467774,1.5372658967971802,79.1,-0.15057004988193512,70.49999999999999,3.151118516921997,806039,77.2092936802974,0.00018952979007735848,0.6330899619360785,1.2734444783352112,69.79889442688787,4.066743850708008,2152,0.10948467254638672
107,0.0005053877830505371,-0.15451841056346893,0.0001883866498246789,1.5405521392822266,79.1,-0.1540130227804184,73.80000000000004,3.2628014087677,813556,77.20557620817846,0.0005248518427833915,0.8272183938342152,1.0153865264497322,69.6579012812962,4.202134132385254,2152,0.11490201950073242
108,0.0002476722002029419,-0.15282858908176422,0.0005268942913971841,1.5384259223937988,79.19999999999999,-0.15258091688156128,72.79999999999998,3.074479579925537,821062,77.12413793103448,0.00024843664141371846,0.9286957953878665,1.1604892795490238,69.51415579298467,3.9749646186828613,2088,0.10623955726623535
109,0.002946227788925171,-0.15514563024044037,0.0002492507337592542,1.5386508703231812,79.5,-0.1521994024515152,72.19999999999999,3.061244010925293,828604,77.0880308880309,0.00026113385683856905,0.892515949539818,1.2512432361901344,69.66266902646997,4.022398471832275,2072,0.1087501049041748
110,0.0020753294229507446,-0.15464365482330322,0.0002510316844563931,1.5401607751846313,79.3,-0.15256832540035248,72.79999999999998,3.081263303756714,836106,77.20074626865673,0.0003515793941915035,0.74233708524845,1.1602879383151006,69.94131212041792,4.03127384185791,2144,0.10955476760864258
111,0.002557128667831421,-0.1539158821105957,0.0003481777966953814,1.5410356521606445,79.4,-0.15135875344276428,73.19999999999999,3.098461389541626,843622,77.24688644688646,0.0004001916095148772,0.7072572298126636,1.1226274999256,70.11004807480653,4.0472962856292725,2184,0.10858583450317383
112,0.0014389902353286743,-0.1521952748298645,0.0003979791363235563,1.540675401687622,79.1,-0.15075628459453583,71.39999999999996,3.1496894359588623,851128,77.2804347826087,0.00030473386868834496,0.6298085606859248,1.1357726537952089,70.03489718770774,4.032168865203857,2208,0.1087946891784668
113,0.003041490912437439,-0.15188011527061462,0.00030354043701663613,1.540378451347351,79.19999999999999,-0.14883862435817719,72.09999999999998,3.099088430404663,858637,77.25948905109492,0.00023130813497118652,0.7297881219739378,1.0905371482796575,69.96643739608574,3.99316668510437,2192,0.10660529136657715
114,0.0034908056259155273,-0.14969240128993988,0.0002330582356080413,1.538116455078125,79.4,-0.14620159566402435,68.49999999999997,3.1615588665008545,866151,77.26763636363638,0.0004531549639068544,0.8492579381007541,1.1981530690439768,69.71985438644442,4.0097856521606445,2200,0.1081693172454834
115,0.0005407929420471191,-0.15148094296455383,0.00044957950012758374,1.5396764278411865,79.3,-0.1509401500225067,73.70000000000003,3.1237130165100098,873652,77.25238095238097,0.00024652975844219327,0.5879909774153105,1.0444006507773436,69.8978197463857,4.02238655090332,2184,0.1094672679901123
116,0.0038241297006607056,-0.15285444259643555,0.00025234054191969335,1.5388983488082886,79.30000000000001,-0.14903031289577484,70.19999999999999,3.1295440196990967,881160,77.21925925925927,0.0003888688515871763,0.6967783906407875,1.2543846829360727,70.0939333972569,4.060527801513672,2160,0.10829901695251465
117,0.003214403986930847,-0.1499411165714264,0.00038397463504225016,1.5361061096191406,79.10000000000001,-0.14672671258449554,73.09999999999998,3.166008710861206,888693,77.29028776978419,0.00025951932184398174,0.7153188350481391,1.1157211704266359,70.0455036178221,4.092937707901001,2224,0.1101980209350586
118,-0.001248866319656372,-0.15081802010536194,0.00026011475711129606,1.5354431867599487,79.3,-0.1520668864250183,71.89999999999999,3.12947416305542,896201,77.20892193308552,0.00025423296028748155,0.8375199865901001,1.1641462039796056,69.98583863718791,4.062960863113403,2152,0.10911726951599121
119,0.00048089027404785156,-0.15126290917396545,0.000251408462645486,1.5348966121673584,79.19999999999999,-0.1507820188999176,72.79999999999998,3.0388898849487305,903708,77.28989169675091,0.000327111454680562,0.8318764590741907,1.0750059973821475,70.2787937246489,3.9534430503845215,2216,0.1078946590423584
120,0.004363164305686951,-0.1513214111328125,0.0003264171537011862,1.53429114818573,79.1,-0.14695824682712555,71.20000000000002,3.091762065887451,911212,77.310394265233,0.0002174741093767807,1.1681543476695473,1.1242199312740893,70.26207479586024,4.007210731506348,2232,0.10761475563049316
121,0.001492425799369812,-0.1506107747554779,0.00021323311375454068,1.5322339534759521,79.30000000000001,-0.1491183489561081,65.6,3.1408939361572266,918737,77.36888111888113,0.0003181984939146787,0.8209813745725539,1.2930597987757326,70.30656919935836,4.037783861160278,2288,0.10857105255126953
122,0.0038315653800964355,-0.15210594236850739,0.00033003176213242114,1.5330235958099365,79.19999999999999,-0.14827437698841095,49.999999999999986,3.1309404373168945,926258,77.16691449814127,0.00041937449714168906,0.8814219683491411,2.0402233450095983,70.0972856426626,4.078001022338867,2152,0.11153912544250488
123,0.001964882016181946,-0.15062367916107178,0.00040992721915245056,1.5322489738464355,79.1,-0.14865879714488983,70.6,3.165189504623413,933810,77.33144876325089,0.00021049716451670974,0.9006419336287039,1.0623829904509623,70.19246541900729,4.06480598449707,2264,0.11005115509033203
124,0.001531153917312622,-0.14911998808383942,0.00020464902627281845,1.5338724851608276,79.19999999999999,-0.1475888341665268,73.90000000000003,3.23030948638916,941346,77.42798634812289,0.00033020260161720216,1.0082624296772318,1.0088863050936054,70.34175745158801,4.101202011108398,2344,0.11250901222229004
125,0.002530917525291443,-0.1498178094625473,0.000331950286636129,1.530741572380066,79.19999999999999,-0.14728689193725586,73.80000000000003,3.1838016510009766,948851,77.41206896551724,0.0002679047465790063,0.8160657785696712,0.9602940616805479,70.35024381731579,4.068906545639038,2320,0.11036086082458496
126,0.0015043914318084717,-0.1490565538406372,0.0002657883451320231,1.5328638553619385,79.1,-0.14755216240882874,72.49999999999997,3.141526699066162,956365,77.45288135593222,0.00040814021485857666,0.8563125730684233,1.0055356121388812,70.56068328147221,4.008661508560181,2360,0.1095881462097168
127,-0.001785576343536377,-0.14962172508239746,0.00040900640306062996,1.5343947410583496,79.29999999999998,-0.15140730142593384,72.1,3.358860969543457,963893,77.37700348432057,0.00022071014973334968,0.721941085119422,1.0549835657628357,70.40121962300059,4.3317646980285645,2296,0.12413763999938965
128,0.001687958836555481,-0.14737504720687866,0.000211224818485789,1.5378406047821045,79.19999999999999,-0.14568708837032318,72.69999999999997,3.176665782928467,971428,77.54560260586321,0.00023085239809006453,0.8027457356193274,1.024777029085713,70.863080557129,4.039574384689331,2456,0.10839319229125977
129,-0.0012116730213165283,-0.1490909308195114,0.0002349193673580885,1.5349721908569336,79.39999999999999,-0.15030260384082794,72.9,3.1623897552490234,978934,77.47272727272728,0.0002484593424014747,0.9572626439765742,0.9681616633744133,70.59130147687702,4.039516925811768,2376,0.10982751846313477
130,-0.0006180107593536377,-0.15110300481319427,0.00024916676920838654,1.53279709815979,79.3,-0.1517210155725479,73.90000000000003,3.1999399662017822,986452,77.485618729097,0.00024894214584492147,0.7406580149948024,0.9608527437129584,70.75019162778796,4.099668979644775,2392,0.1113128662109375
131,0.0002684295177459717,-0.14873778820037842,0.0002474884095136076,1.5319768190383911,79.1,-0.14846935868263245,73.90000000000002,3.0948078632354736,993953,77.49966666666668,0.00019854538550134748,0.7179558506901192,0.9657638887890162,70.71280528996046,3.9273521900177,2400,0.1075284481048584
132,0.0020178109407424927,-0.14945025742053986,0.0001948101125890389,1.5284881591796875,79.19999999999999,-0.14743244647979736,73.80000000000001,3.155212163925171,1001488,77.52950819672132,0.0004159314266871661,0.8699674966913922,0.9987441724805978,70.84875618577851,4.01381778717041,2440,0.10903739929199219
133,0.0034065842628479004,-0.1491306573152542,0.00041058246279135346,1.5290422439575195,79.00000000000001,-0.1457240730524063,71.69999999999997,3.147017002105713,1008998,77.50498338870433,0.00021290549193508923,0.7457831880159059,0.9576454460751723,70.87944481047465,4.02171778678894,2408,0.10899543762207031
134,-0.0010649710893630981,-0.15069632232189178,0.00021930642833467573,1.5274025201797485,79.3,-0.15176129341125488,73.19999999999999,3.1376662254333496,1016512,77.4614864864865,0.0002839771332219243,0.731561997131375,1.1179145430188553,70.86695251196338,4.072241544723511,2368,0.11112117767333984
135,0.002357006072998047,-0.14843115210533142,0.0002800905203912407,1.5234272480010986,79.19999999999999,-0.14607414603233337,73.5,3.210233211517334,1024026,77.50365448504984,0.00029266218189150095,0.8536596678031587,0.926763345857002,70.57096533188098,4.051082611083984,2408,0.11125802993774414
136,-0.0038827210664749146,-0.14896687865257263,0.0002961725404020399,1.5252195596694946,79.19999999999999,-0.15284959971904755,73.5,3.0821969509124756,1031548,77.45016949152543,0.0002228730299975723,0.8940571771359141,0.9608920493971488,70.60175163255397,3.948838472366333,2360,0.10666871070861816
137,0.002171233296394348,-0.15038320422172546,0.00022190195159055293,1.5283427238464355,79.19999999999999,-0.14821197092533112,73.90000000000003,3.1573307514190674,1039075,77.47416107382551,0.00031644711270928383,0.9298382985427623,0.8858148341295383,70.44136173250622,3.9957215785980225,2384,0.11004638671875
138,-0.00020231306552886963,-0.15013030171394348,0.0003103658091276884,1.5293232202529907,79.30000000000001,-0.15033261477947235,72.8,3.203310489654541,1046608,77.53016393442626,0.00034761286224238575,0.96260089598382,1.0015111398728584,70.7087168753865,4.05751895904541,2440,0.10993671417236328
139,0.00033704936504364014,-0.1484382003545761,0.000346809858456254,1.5284693241119385,79.30000000000001,-0.14810115098953247,72.99999999999999,3.1964986324310303,1054123,77.54411764705884,0.00038619409315288067,0.8903847674106764,0.94092572231677,70.80805132618553,4.069149971008301,2448,0.11048126220703125
140,0.010455340147018433,-0.1504947543144226,0.0003874496906064451,1.525905966758728,79.30000000000001,-0.14003941416740417,72.99999999999999,3.1594924926757812,1061643,77.49333333333335,0.0002817625063471496,0.8117575771508618,1.0145716118419408,70.66685969243771,4.036465406417847,2400,0.11084794998168945
141,-0.004812002182006836,-0.14826743304729462,0.0002845228009391576,1.5244823694229126,79.19999999999999,-0.15307943522930145,72.29999999999998,3.2946784496307373,1069159,77.52763157894738,0.0006649080896750093,0.9224342698271173,1.0289044613479499,70.86747452826333,4.2394843101501465,2432,0.1181023120880127
142,0.001897662878036499,-0.1476641446352005,0.0006585991359315813,1.5220948457717896,79.4,-0.145766481757164,74.30000000000001,3.207257032394409,1076675,77.65125000000002,0.0003101227630395442,0.7236573233570811,0.8723522439358974,70.90887358173379,3.99342942237854,2560,0.10892748832702637
143,3.5390257835388184e-05,-0.1499599814414978,0.00031144884997047484,1.5214828252792358,79.3,-0.14992459118366241,73.89999999999999,3.1600441932678223,1084186,77.53737704918035,0.00037131577846594155,0.7064173526550565,0.9463889985214494,70.94640193659627,4.0504844188690186,2440,0.11074304580688477
144,-0.00015905499458312988,-0.14840371906757355,0.000373861868865788,1.5164906978607178,79.3,-0.14856277406215668,73.3,3.166534900665283,1091690,77.5557003257329,0.00035692352685146034,0.8440913142302546,0.9810874848179129,70.9934811248685,4.060545921325684,2456,0.11047840118408203
145,-0.003437921404838562,-0.14894339442253113,0.00035505153937265277,1.5136421918869019,79.30000000000001,-0.1523813158273697,71.79999999999998,3.160956382751465,1099204,77.59166666666668,0.000291519274469465,0.7414020636597869,1.031892606053241,70.97301471765117,4.022265911102295,2496,0.10962581634521484
146,-0.0010301768779754639,-0.14869311451911926,0.0002903705171775073,1.511531949043274,79.19999999999999,-0.14972329139709473,71.90000000000002,3.3071868419647217,1106719,77.57580645161293,0.00025357442791573703,1.0715151616050738,0.9654825776264977,70.8422276697773,4.177360773086548,2480,0.11641073226928711
147,-7.459521293640137e-05,-0.14756950736045837,0.00024841498816385865,1.5066335201263428,79.3,-0.14764410257339478,73.19999999999997,3.1749813556671143,1114221,77.61841269841271,0.0005768448463641107,0.859818885156985,0.9781634984398138,71.09203923723855,4.034432888031006,2520,0.10990214347839355
148,0.0024528801441192627,-0.1442842334508896,0.0005721726920455694,1.5058090686798096,79.4,-0.14183135330677032,74.20000000000002,3.227708101272583,1121735,77.68086419753088,0.0004464763915166259,1.0804728661238416,0.9221575580152221,71.24147329196843,4.072905778884888,2592,0.11064553260803223
149,0.0015529096126556396,-0.14644716680049896,0.00045571968075819314,1.5035557746887207,79.4,-0.14489425718784332,71.69999999999997,3.1979219913482666,1129247,77.60764331210191,0.00047304786858148873,0.7034341892548516,1.0556817099740528,71.08888160140167,4.05298376083374,2512,0.11050271987915039
150,0.0028160661458969116,-0.14849606156349182,0.00047733899555169046,1.5009253025054932,79.5,-0.1456799954175949,73.1,3.1133692264556885,1136782,77.47993311036791,0.0002908902242779732,0.9543301307738862,0.9520960834114958,70.64396027655884,3.990239381790161,2392,0.10679984092712402
151,-0.0031926780939102173,-0.14792276918888092,0.00028596643824130297,1.4961779117584229,79.19999999999999,-0.15111544728279114,73.60000000000002,3.2254505157470703,1144315,77.61613924050634,0.0003190590359736234,1.26872626947025,0.8981480416182556,70.99488287897356,4.06201171875,2528,0.11204051971435547
152,-0.0006658881902694702,-0.14594440162181854,0.0003216278273612261,1.4935247898101807,79.5,-0.146610289812088,72.80000000000001,3.1704964637756348,1151835,77.53442622950821,0.00021680150530301034,0.8355173266242079,1.0880702192115,70.82000973804216,4.0463950634002686,2440,0.11083698272705078
153,0.002174079418182373,-0.14829784631729126,0.00021389803441707045,1.4950472116470337,79.5,-0.1461237668991089,73.3,3.1775424480438232,1159352,77.58295819935692,0.00020463037071749568,0.7161348574645163,1.0321825881881612,71.11048197157233,4.072016716003418,2488,0.1114950180053711
154,0.003128916025161743,-0.1482991874217987,0.00020733090059366077,1.4936208724975586,79.19999999999999,-0.14517027139663696,73.70000000000002,3.115992307662964,1166859,77.63186119873818,0.00019819868612103164,0.9673980135977018,0.9420901018023763,71.05836512979086,3.9442784786224365,2536,0.10744833946228027
155,0.003360077738761902,-0.14686565101146698,0.00018316441855859011,1.49746835231781,79.30000000000001,-0.14350557327270508,73.70000000000003,3.21740460395813,1174386,77.71909090909092,0.000270419375738129,0.9773633175979923,0.8960683944281851,71.37953877222083,4.0105812549591064,2640,0.10900354385375977
156,0.005008384585380554,-0.1470222920179367,0.00027859743568114936,1.4975682497024536,79.3,-0.14201390743255615,74.30000000000001,3.1981589794158936,1181891,77.66199376947041,0.0003823873703368008,0.9790149918093767,0.8739146789045187,71.23043106048085,4.050868511199951,2568,0.10980749130249023
157,-0.0009764283895492554,-0.14433124661445618,0.00037950914702378213,1.4976764917373657,79.19999999999999,-0.14530767500400543,73.80000000000003,3.2459781169891357,1189402,77.68179012345682,0.00017750170081853867,1.1473952080048906,0.9409126147227611,71.19796293607227,4.083253622055054,2592,0.11087965965270996
158,0.0019382983446121216,-0.1460782289505005,0.0001729716605041176,1.4921867847442627,79.3,-0.14413993060588837,73.6,3.229279041290283,1196922,77.74174174174176,0.0002944783482234925,0.8845817588544759,0.8960872400113035,71.48802927485424,4.06819748878479,2664,0.11089634895324707
159,0.004850476980209351,-0.14882753789424896,0.00029908580472692847,1.4897843599319458,79.30000000000001,-0.1439770609140396,74.10000000000002,3.2364161014556885,1204433,77.63059936908519,0.00021964563347864896,1.0155722200413362,0.9238057105876881,70.99899253426493,4.0709547996521,2536,0.11049342155456543
160,0.004128620028495789,-0.14593102037906647,0.0002164829202229157,1.4955240488052368,79.39999999999999,-0.14180240035057068,73.10000000000001,3.120969533920288,1211933,77.67080745341616,0.0003308040904812515,0.8203792538008007,1.0195687647389935,71.34646796319986,3.970679759979248,2576,0.1097409725189209
161,0.0027674436569213867,-0.14480622112751007,0.00033149149385280907,1.4985990524291992,79.1,-0.14203877747058868,73.39999999999999,3.413468599319458,1219440,77.66137071651092,0.00021373876370489597,0.9279187801423148,0.8891540956838953,71.15022798034929,4.325901508331299,2568,0.12587928771972656
162,0.00030609965324401855,-0.143950417637825,0.0002136403927579522,1.4979802370071411,79.30000000000001,-0.143644317984581,73.69999999999999,3.1964988708496094,1226948,77.66105919003117,0.0001832940470194444,0.9558344098721643,0.9386860968379397,71.11354327423933,4.023102760314941,2568,0.10861039161682129
163,0.0017691105604171753,-0.14501148462295532,0.000177241992787458,1.4970252513885498,79.19999999999999,-0.14324237406253815,74.00000000000001,3.278059482574463,1234451,77.7602985074627,0.0002466574951540679,0.7643099645966932,0.8471937348246417,71.37704179837976,4.081496000289917,2680,0.11171269416809082
164,-0.00010539591312408447,-0.14499635994434357,0.0002467904123477638,1.4956862926483154,79.4,-0.14510175585746765,73.6,3.2292189598083496,1241969,77.7491017964072,0.00022263145365286618,0.9014505540650722,0.8532690405175554,71.5575472765322,4.078716278076172,2672,0.11109590530395508
165,-1.11311674118042e-05,-0.14746078848838806,0.00022469715622719377,1.493334412574768,79.3,-0.14747191965579987,74.10000000000002,3.1530392169952393,1249473,77.68395061728397,0.00021793284395243973,1.1754984528754429,0.8821909860302053,71.31616876488582,3.9985125064849854,2592,0.10920453071594238
166,0.0028363317251205444,-0.14514431357383728,0.00022037437884137034,1.4908956289291382,79.19999999999999,-0.14230798184871674,68.90000000000002,3.208875894546509,1256986,77.71641337386019,0.0002500048140063882,0.9013496006472449,0.9739016380264567,71.31061652344204,4.035836935043335,2632,0.1106562614440918
167,-0.0001112818717956543,-0.14481133222579956,0.00024628976825624704,1.4895998239517212,79.39999999999999,-0.14492261409759521,72.79999999999998,3.182943344116211,1264487,77.72006079027356,0.0003130778204649687,0.9359195673407154,0.9141368589617426,71.2930177852945,4.005983829498291,2632,0.10944914817810059
168,0.005016222596168518,-0.1454506516456604,0.00031397712882608175,1.4866799116134644,79.5,-0.14043442904949188,71.8,3.1627566814422607,1272016,77.6249211356467,0.00019635639910120517,0.8686588306318968,1.039917982431401,71.16984645374433,4.000580549240112,2536,0.10894012451171875
169,-0.00020205974578857422,-0.14625324308872223,0.0001940719084814191,1.4912618398666382,79.3,-0.1464553028345108,73.80000000000003,3.223736524581909,1279529,77.6883076923077,0.0006179011543281376,0.9608170937593106,0.8832032072662752,71.18945144560054,4.062604904174805,2600,0.11112022399902344
170,-0.0007085800170898438,-0.1463020145893097,0.0006135395960882306,1.4879785776138306,79.19999999999999,-0.14701059460639954,75.30000000000004,3.171088933944702,1287030,77.76089552238807,0.00028644734993577003,0.7720952488230212,0.7789731690113894,71.48756431671535,3.9798405170440674,2680,0.10829663276672363
171,-0.002260357141494751,-0.14687123894691467,0.0002948572509922087,1.482311487197876,79.19999999999999,-0.14913159608840942,72.30000000000001,3.16701078414917,1294544,77.60700636942677,0.000345640437444672,0.81828658837869,0.9525102369800461,71.07023419443149,4.031921625137329,2512,0.11074376106262207
172,0.0041928887367248535,-0.1463746279478073,0.00033583518234081566,1.4762041568756104,79.4,-0.14218173921108246,73.49999999999999,3.1343467235565186,1302069,77.74024024024025,0.0004124445258639753,1.0591469191421905,0.9089491354708531,71.53697891789905,3.9810068607330322,2664,0.10844659805297852
173,0.0031784623861312866,-0.14675980806350708,0.0004122574464417994,1.4757475852966309,79.3,-0.1435813456773758,73.19999999999999,3.142106771469116,1309571,77.77388724035609,0.0002950785856228322,0.9384174702665548,0.8060789214719243,71.61629569111187,3.965172290802002,2696,0.10820555686950684
174,0.0004453808069229126,-0.14624039828777313,0.0002962969883810729,1.4694308042526245,79.19999999999999,-0.14579501748085022,73.90000000000002,3.2198874950408936,1317080,77.77181008902079,0.00036057678516954184,0.740122572891248,0.7865754114389821,71.48506621468553,4.027073383331299,2696,0.11092543601989746
175,0.0017545819282531738,-0.14649993181228638,0.0003537369193509221,1.4749399423599243,79.3,-0.1447453498840332,75.00000000000001,3.2044901847839355,1324594,77.85314285714287,0.0004482223594095558,1.0071824489935306,0.7554214393438947,71.78876061164621,4.007270574569702,2800,0.1106259822845459
176,0.001581728458404541,-0.14260567724704742,0.0004475614696275443,1.4675639867782593,79.39999999999999,-0.14102394878864288,74.9,3.1881463527679443,1332101,77.8240579710145,0.0003058799193240702,0.9225650955204348,0.7707521619756118,71.50271494605992,3.945171356201172,2760,0.10764122009277344
177,0.0032756030559539795,-0.14324724674224854,0.00030314334435388446,1.463915467262268,79.30000000000001,-0.13997164368629456,70.9,3.187635660171509,1339601,77.83861671469742,0.0007167988223955035,1.015064682442117,0.8517527885170388,71.68659969249097,4.001155853271484,2776,0.10974955558776855
178,0.0031137019395828247,-0.1443236768245697,0.0007198000675998628,1.459372878074646,79.4,-0.14120997488498688,72.2,3.168142557144165,1347115,77.72990936555892,0.0002634420234244317,1.5512352347192837,0.9390711765169064,71.4660114108667,4.003712892532349,2648,0.1097555160522461
179,0.004236951470375061,-0.14387604594230652,0.0002566827170085162,1.4599226713180542,79.19999999999999,-0.13963909447193146,69.79999999999998,3.245082139968872,1354624,77.84224137931037,0.00017939769895747304,1.1860488827628874,0.910300335250248,71.64398614482147,4.0091235637664795,2784,0.10931015014648438
180,0.004279211163520813,-0.14244790375232697,0.00018203453510068357,1.4592386484146118,79.3,-0.13816869258880615,74.7,3.1928508281707764,1362153,77.83649425287358,0.00016538662021048367,0.913633953806648,0.781588647042263,71.56649609497033,3.972743034362793,2784,0.10775279998779297
181,0.0024412870407104492,-0.1407444179058075,0.0001674760424066335,1.4580237865447998,79.4,-0.13830313086509705,72.60000000000001,3.3115220069885254,1369689,77.78352941176472,0.00046963125350885093,1.055740354886443,0.8793844182252121,71.37242455903917,4.091245412826538,2720,0.11330103874206543
182,0.002969801425933838,-0.1452837437391281,0.00046691138413734734,1.457995891571045,79.3,-0.14231394231319427,74.39999999999999,3.178525447845459,1377204,77.82803468208094,0.00048479577526450157,0.9948467437584317,0.8108691967811312,71.85427671367475,4.031244516372681,2768,0.11065864562988281
183,-0.0008593648672103882,-0.14227734506130219,0.00048611604142934084,1.451704502105713,79.1,-0.14313670992851257,73.3,3.236452102661133,1384708,77.85600000000002,0.00026260962476953864,0.9450527160554503,0.8362883986486233,71.79809976115206,4.049423456192017,2800,0.11019730567932129
184,0.0007949322462081909,-0.14418992400169373,0.00026208104100078344,1.4499033689498901,79.19999999999999,-0.14339499175548553,74.70000000000002,3.233844041824341,1392212,77.86818181818184,0.00025534420274198055,1.0726992242283475,0.7940897382517219,71.9723414208061,4.078392505645752,2816,0.11219358444213867
185,-0.0012594759464263916,-0.14102095365524292,0.0002596270351205021,1.4472119808197021,79.19999999999999,-0.1422804296016693,74.70000000000003,3.152918577194214,1399720,77.8425287356322,0.00018270581495016813,0.8274781105457119,0.8204473385788721,71.80297373403491,3.9699931144714355,2784,0.10981917381286621
186,0.00167161226272583,-0.14027239382266998,0.00018055188411381096,1.4429705142974854,79.30000000000001,-0.13860078155994415,75.19999999999999,3.213676929473877,1407222,77.89859943977592,0.0002960139245260507,1.0924446225128,0.7463999493364329,71.92167261211115,3.98805832862854,2856,0.10964632034301758
187,0.0034230798482894897,-0.1404905915260315,0.0002936492383014411,1.442061424255371,79.5,-0.137067511677742,73.70000000000002,3.236891746520996,1414723,77.8929775280899,0.000308848888380453,0.7615642200834325,0.823005665434754,71.96737667014366,4.050868988037109,2848,0.11061954498291016
188,0.0012451261281967163,-0.14062485098838806,0.0003060144081246108,1.4372864961624146,79.4,-0.13937972486019135,73.89999999999999,3.228549003601074,1422258,77.84714285714288,0.00024733724421821535,0.9733581947899789,0.8508351239595492,71.94477748085473,4.0737059116363525,2800,0.11144018173217773
189,0.0021857619285583496,-0.1417689025402069,0.0002448747691232711,1.432166337966919,79.5,-0.13958314061164856,73.80000000000001,3.282670259475708,1429764,77.94356164383562,0.00023611377400811762,0.8935099369904775,0.8031741309057429,72.04694421724797,4.068000316619873,2920,0.11184144020080566
190,0.0023970603942871094,-0.14065152406692505,0.0002400302910245955,1.4267194271087646,79.4,-0.13825446367263794,73.80000000000003,3.1878702640533447,1437284,77.90529247910865,0.00028962575015611947,1.1552302734922262,0.8239789736372852,71.95635992638512,3.9672577381134033,2872,0.10830307006835938
191,0.0021261125802993774,-0.14006930589675903,0.00028863694751635194,1.425034999847412,79.4,-0.13794319331645966,74.0,3.182908058166504,1444791,77.86125356125358,0.0002352794399484992,1.4090757412406345,0.8185753875187164,71.9773569838002,3.998349666595459,2808,0.11071419715881348
192,0.0016249269247055054,-0.1394568234682083,0.00024006684543564916,1.421979546546936,79.4,-0.1378318965435028,73.70000000000003,3.2730846405029297,1452304,77.841091954023,0.00019086076645180583,1.16770412380313,0.8365954285583215,71.67824324898275,4.060948848724365,2784,0.11219143867492676
193,0.0007063448429107666,-0.13872042298316956,0.00017898352234624326,1.4212353229522705,79.30000000000001,-0.1380140781402588,74.50000000000004,3.329643726348877,1459818,77.96368563685638,0.00016710064664948732,0.9103519822641432,0.7761229953337511,72.0633782215476,4.092084169387817,2952,0.11220526695251465
194,4.945695400238037e-05,-0.13977384567260742,0.00017068471061065793,1.4222091436386108,79.4,-0.13972438871860504,74.80000000000003,3.1998775005340576,1467343,77.94959128065398,0.0003079396556131542,0.8882801304517522,0.7634666360346964,72.07568911284172,3.9627106189727783,2936,0.10946011543273926
195,0.005216673016548157,-0.14282028377056122,0.0003073241969104856,1.4176928997039795,79.30000000000001,-0.13760361075401306,74.20000000000002,3.229451894760132,1474866,77.9445355191257,0.00042409024899825454,1.2170683318351256,0.7691526652810075,72.06546675050147,4.017182111740112,2928,0.10981988906860352
196,-0.0002831369638442993,-0.14013671875,0.00042388358269818127,1.4217491149902344,79.39999999999999,-0.1404198557138443,73.39999999999998,3.2606208324432373,1482379,77.88960674157305,0.00024072079395409673,0.9399415018701496,0.8284131726823575,71.92338450637371,4.0544774532318115,2848,0.11156845092773438
197,-0.000541195273399353,-0.14003105461597443,0.00024010648485273123,1.4185092449188232,79.5,-0.14057224988937378,74.80000000000003,3.235556125640869,1489879,77.93956043956047,0.00024324750120285898,0.9276512582075093,0.7837468643930595,72.06281700960008,4.027058124542236,2912,0.11113667488098145
198,0.0035149306058883667,-0.1409412920475006,0.0002460153482388705,1.408800482749939,79.19999999999999,-0.13742636144161224,73.09999999999998,3.1667168140411377,1497384,77.82463768115944,0.000506411015521735,0.9249115990524168,0.8361412052409951,71.73968462207769,3.954970598220825,2760,0.10938072204589844
199,0.0021042972803115845,-0.140419602394104,0.0005073097418062389,1.4154067039489746,79.19999999999999,-0.13831530511379242,73.6,3.4290711879730225,1504896,77.86590909090911,0.0005734962178394198,1.1298075720189746,0.7785675021293238,71.82463529509393,4.311438798904419,2816,0.1259310245513916
200,0.0007773041725158691,-0.1403961032629013,0.0005707621457986534,1.4187932014465332,79.3,-0.13961879909038544,73.50000000000001,3.285128593444824,1512416,77.92265193370167,0.0002104812883771956,1.2963531152964463,0.7944459380367591,72.06315330072033,4.073868751525879,2896,0.11379742622375488
201,0.0024285316467285156,-0.13819614052772522,0.00020877762290183455,1.4046759605407715,79.4,-0.1357676088809967,74.60000000000002,3.2810964584350586,1519930,77.98552278820377,0.0006818726542405784,1.1386116768899208,0.7974856988242599,72.10935749193449,4.033302307128906,2984,0.11191272735595703
202,8.353590965270996e-05,-0.13966266810894012,0.0006803266587667167,1.4013447761535645,79.39999999999999,-0.13957913219928741,73.39999999999999,3.2873260974884033,1527441,77.97547169811321,0.0002939738624263555,0.8604398744425078,0.7762075063182318,72.23273205254277,4.061384677886963,2968,0.11198854446411133
203,0.00010526180267333984,-0.14125725626945496,0.0002968587796203792,1.3883450031280518,79.30000000000001,-0.14115199446678162,74.60000000000005,3.245548963546753,1534941,77.91666666666667,0.0005153330275788903,0.8301742123263295,0.7256797579587749,72.09805143315029,4.0614588260650635,2880,0.11082100868225098
204,0.0015657395124435425,-0.13982762396335602,0.0005154044483788311,1.376999855041504,79.4,-0.13826188445091248,75.30000000000004,3.257791042327881,1542441,77.91086350974932,0.0003286354476585984,0.91506462366504,0.7831221570398363,71.98072326691629,4.034761428833008,2872,0.11077427864074707
205,0.00046747922897338867,-0.13803976774215698,0.00032888446003198624,1.36636483669281,79.30000000000001,-0.1375722885131836,72.6,3.345931053161621,1549964,78.03577023498697,0.0003675087937153876,1.0243276583163374,0.7314636205225671,72.23748959517116,4.059879302978516,3064,0.11279106140136719
206,0.0008868426084518433,-0.1422863006591797,0.000370293710147962,1.3638602495193481,79.30000000000001,-0.14139945805072784,74.70000000000003,3.2632651329040527,1557472,77.9027932960894,0.00031420044251717627,1.277308309348843,0.7272378421542687,71.92604311319899,4.0641562938690186,2864,0.11180448532104492
207,0.002657562494277954,-0.14061759412288666,0.00031190458685159683,1.3592383861541748,79.5,-0.1379600316286087,74.60000000000004,3.2588980197906494,1564984,77.98064516129034,0.0005892846966162324,1.0358542958511878,0.7512009115898048,72.2870910457321,4.077996730804443,2976,0.1121666431427002
208,0.001894146203994751,-0.13850460946559906,0.0005893715424463153,1.357305645942688,79.4,-0.1366104632616043,75.50000000000003,3.1953678131103516,1572495,77.95340599455041,0.0001874956942629069,1.1293199168281374,0.7635662108351706,72.12446208107627,3.9884395599365234,2936,0.11072516441345215
209,-0.0006990134716033936,-0.13904918730258942,0.00018777530931401998,1.3433332443237305,79.5,-0.1397482007741928,74.00000000000001,3.333991050720215,1580016,77.97277628032346,0.00043808072223328054,1.2655426914484171,0.7779561314125174,72.02905090431467,4.086484909057617,2968,0.11350154876708984
210,0.0017735064029693604,-0.14005935192108154,0.0004356589342933148,1.3475987911224365,79.5,-0.13828584551811218,74.80000000000001,3.2981927394866943,1587538,77.99413333333335,0.000279590196441859,1.1053057328831812,0.6928724622099526,72.22686034292397,4.091012001037598,3000,0.11329889297485352
211,0.0005979984998703003,-0.137760728597641,0.00027546612545847893,1.3517721891403198,79.6,-0.1371627300977707,74.7,3.3341639041900635,1595039,78.02084432717679,0.0004962225793860853,1.177185993112165,0.7055851999912612,72.24306460200049,4.0699381828308105,3032,0.11536407470703125
212,0.004693716764450073,-0.1370365470647812,0.0004947617999278009,1.3495479822158813,79.5,-0.13234283030033112,75.0,3.2629897594451904,1602548,78.02913385826773,0.00035807580570690334,1.038858692231061,0.6932494412952956,72.30816822236385,4.036420583724976,3048,0.11142158508300781
213,0.0015354752540588379,-0.1377411186695099,0.0003520167956594378,1.3404226303100586,79.30000000000001,-0.13620564341545105,75.30000000000003,3.302093029022217,1610060,78.06889460154244,0.000436169357271865,1.0329435510719918,0.6633513585430232,72.3910104523915,4.0240278244018555,3112,0.11185359954833984
214,0.0023196041584014893,-0.13886792957782745,0.00043748909956775606,1.3289204835891724,79.4,-0.13654832541942596,75.40000000000003,3.2731852531433105,1617560,78.03149606299215,0.0003893223765771836,1.0101707158992268,0.687767217921505,72.30424596440663,4.009674549102783,3048,0.11095261573791504
215,4.450976848602295e-05,-0.14161638915538788,0.00038884792593307793,1.3257161378860474,79.3,-0.14157187938690186,73.89999999999999,3.235609292984009,1625068,77.97081081081082,0.00027154653798788786,0.9482931349768335,0.7905946389436014,72.26268337027638,4.032468318939209,2960,0.11105871200561523
216,0.007081702351570129,-0.1372082233428955,0.00026765279471874237,1.3238658905029297,79.19999999999999,-0.13012652099132538,75.0,3.2386579513549805,1632581,78.01767810026386,0.0004142515826970339,0.9080716650837318,0.7302574034355114,72.27649298437464,3.974950075149536,3032,0.10883736610412598
217,0.0021445900201797485,-0.13797830045223236,0.0004121862002648413,1.3299356698989868,79.39999999999999,-0.1358337104320526,74.10000000000001,3.2887039184570312,1640086,78.04046997389035,0.0003315122448839247,1.1441257196469077,0.7138735496717068,72.34021150618993,4.033812761306763,3064,0.11270856857299805
218,-0.0011391788721084595,-0.1351434886455536,0.00033412958146072924,1.340159296989441,79.4,-0.13628266751766205,75.3,3.3042571544647217,1647588,78.04125326370757,0.0003452861274126917,1.5483780833816816,0.7175680541654527,72.2527190269565,4.02341890335083,3064,0.11253070831298828
219,0.001718670129776001,-0.13529162108898163,0.00034469985985197127,1.3340411186218262,79.5,-0.13357295095920563,75.70000000000002,3.304400682449341,1655091,78.05621761658033,0.00029064356931485236,1.4354162889708049,0.6558822672537654,72.36696729948486,4.067128658294678,3088,0.11360645294189453
220,0.00464293360710144,-0.137231707572937,0.0002981580328196287,1.3305035829544067,79.30000000000001,-0.13258877396583557,74.9,3.3305037021636963,1662612,78.01556728232191,0.00021911933436058462,1.463965814835928,0.6972583948722207,72.09441927714715,4.016173839569092,3032,0.11067008972167969
221,0.005582138895988464,-0.13702818751335144,0.00021540980378631502,1.319266676902771,79.4,-0.13144604861736298,72.5,3.2241971492767334,1670119,78.03994778067886,0.0003497403231449425,1.4283982825437311,0.7376817808552506,72.36458125318798,3.971201181411743,3064,0.10885977745056152
222,0.0061965882778167725,-0.13809889554977417,0.0003430689394008368,1.3016270399093628,79.3,-0.1319023072719574,75.50000000000003,3.224853515625,1677632,78.09797468354431,0.0006258072098717093,1.203136621032234,0.6721180949329403,72.6596475863383,3.9728217124938965,3160,0.11044859886169434
223,-0.0010600537061691284,-0.13564017415046692,0.0006274121697060764,1.2755626440048218,79.4,-0.13670022785663605,74.50000000000003,3.2907168865203857,1685151,78.06709511568125,0.0009130983962677419,1.1295345871272808,0.7488445555192962,72.35992367477,4.006721258163452,3112,0.11043334007263184
224,5.5402517318725586e-05,-0.13583225011825562,0.000914924603421241,1.2867052555084229,79.4,-0.1357768476009369,74.50000000000006,3.335078716278076,1692658,78.08494897959186,0.0004969049477949739,1.1922613705451413,0.667697075889968,72.35540705169701,4.0662031173706055,3136,0.1116328239440918
225,0.004554823040962219,-0.13483259081840515,0.0004925507819280028,1.283167839050293,79.29999999999998,-0.13027776777744293,75.10000000000001,3.2511613368988037,1700172,78.07333333333335,0.00020245953055564314,1.1119416540725686,0.6975463713409554,72.43140038087147,3.96578049659729,3120,0.10843777656555176
226,-0.0019056349992752075,-0.13445307314395905,0.00020288386440370232,1.2707244157791138,79.39999999999999,-0.13635870814323425,74.80000000000003,3.2816708087921143,1707681,78.08443877551021,0.0004885084927082062,1.2302110275389169,0.7147767535923691,72.44862854564776,3.998732566833496,3136,0.11034369468688965
227,0.0037530362606048584,-0.13705302774906158,0.0004864501825068146,1.2697609663009644,79.30000000000001,-0.13329999148845673,74.50000000000001,3.292505979537964,1715182,78.08158567774939,0.0002758434566203505,1.1964670061046354,0.6936456506712366,72.52725411553716,4.03656792640686,3128,0.11268901824951172
228,0.003289848566055298,-0.1337042897939682,0.0002763833326753229,1.266597032546997,79.4,-0.1304144412279129,73.09999999999998,3.3011183738708496,1722700,78.09187817258885,0.000288376264506951,1.2000184101225018,0.746861470571394,72.45096636393555,4.042101144790649,3152,0.1122138500213623
229,0.000837862491607666,-0.1375761479139328,0.00029355421429499984,1.250536322593689,79.4,-0.13673828542232513,75.0,3.3013861179351807,1730201,78.02605263157895,0.0008195055997930467,1.2118772277665864,0.6888817768623793,72.25165241689959,4.055371999740601,3040,0.1133120059967041
230,0.004481866955757141,-0.1330925077199936,0.0008194023976102471,1.243845820426941,79.4,-0.12861064076423645,75.0,3.27636456489563,1737706,78.09033078880408,0.00031766158645041287,1.1951876167905577,0.6804863868144825,72.45360956219922,3.99053692817688,3144,0.11039543151855469
231,0.00038166344165802,-0.13531610369682312,0.0003141402848996222,1.2446664571762085,79.4,-0.1349344402551651,74.10000000000001,3.260727882385254,1745213,78.1138190954774,0.0001960088702617213,1.1270653487135605,0.7234999990881692,72.62866195593267,4.019567966461182,3184,0.11125779151916504
232,0.0001287907361984253,-0.13216212391853333,0.00019934799638576806,1.2273415327072144,79.4,-0.1320333331823349,75.50000000000001,3.327324628829956,1752732,78.1155388471178,0.0005320116761140525,1.1192707511363318,0.660643832600859,72.49369350726805,4.027421951293945,3192,0.11202359199523926
233,0.00509566068649292,-0.13382606208324432,0.0005317945033311844,1.193479299545288,79.30000000000001,-0.1287304013967514,74.90000000000002,3.245504140853882,1760238,78.09007633587788,0.0013559820363298059,1.3742242454835831,0.6542701734159079,72.56034316696986,3.994805097579956,3144,0.11169314384460449
234,0.0019442588090896606,-0.13481959700584412,0.0013618450611829758,1.1841106414794922,79.30000000000001,-0.13287533819675446,75.00000000000003,3.227353811264038,1767751,78.11231155778896,0.000314892124151811,1.2183428614679006,0.6705013375342781,72.51560040425478,3.9374778270721436,3184,0.10949349403381348
235,0.0016650110483169556,-0.13244527578353882,0.00031294533982872963,1.1968138217926025,79.30000000000001,-0.13078026473522186,72.99999999999999,3.2539541721343994,1775265,78.11206030150755,0.00030842996784485877,1.5794080232710324,0.6985306016123046,72.5340705771278,3.973752021789551,3184,0.11060929298400879
236,0.0053199827671051025,-0.13346698880195618,0.0003065959317609668,1.2008415460586548,79.4,-0.12814700603485107,74.3,3.2797346115112305,1782778,78.09314720812183,0.0003372768114786595,0.9635455772907233,0.6514558032660024,72.49817533264805,4.013401746749878,3152,0.11176466941833496
237,0.0019450783729553223,-0.13437190651893616,0.00033751074806787074,1.1849384307861328,79.39999999999999,-0.13242682814598083,75.10000000000001,3.274136543273926,1790283,78.104797979798,0.0003633012529462576,1.16780334362305,0.667841547768036,72.57752375128052,4.013092279434204,3168,0.11064743995666504
238,0.0017497837543487549,-0.13338041305541992,0.0003613172739278525,1.1974632740020752,79.19999999999999,-0.13163062930107117,72.89999999999999,3.2646381855010986,1797788,78.1377171215881,0.0003279632073827088,1.2591090177974207,0.6077797934284249,72.61211828607416,3.975250244140625,3224,0.11072731018066406
239,0.005512788891792297,-0.13295504450798035,0.0003281933313701302,1.201779842376709,79.4,-0.12744225561618805,73.40000000000002,3.275798797607422,1805301,78.07851662404093,0.00018839123367797583,1.5710520298938004,0.7190138523007481,72.41029336922892,3.9884986877441406,3128,0.11060810089111328
240,-0.0011630803346633911,-0.13531002402305603,0.00019714765949174762,1.2135279178619385,79.30000000000001,-0.13647310435771942,68.9,3.22467041015625,1812815,78.00689655172415,0.0005229581147432327,1.528191399781432,0.8514647528657416,72.26527243464336,3.9690029621124268,3016,0.10854840278625488
241,0.0025758743286132812,-0.13168340921401978,0.0005190807860344648,1.195888638496399,79.4,-0.1291075348854065,74.9,3.3247087001800537,1820329,78.1446913580247,0.0005484799039550126,1.4122400728560816,0.6544832782663357,72.54692500521661,4.022942066192627,3240,0.11168050765991211
242,-0.0019357651472091675,-0.13279034197330475,0.0005482841515913606,1.1999062299728394,79.39999999999999,-0.13472610712051392,74.5,3.3132684230804443,1827851,78.12418952618455,0.0002457967202644795,1.166674202956527,0.6752396112924454,72.60687501464483,4.044459104537964,3208,0.11393165588378906
243,-0.002744019031524658,-0.1343201845884323,0.000244050650508143,1.1836755275726318,79.4,-0.13706420361995697,75.30000000000004,3.2546651363372803,1835367,78.15331695331697,0.0004187226004432887,1.8017914859799131,0.6485914091340584,72.66029387193933,3.9645769596099854,3256,0.11235451698303223
244,0.0028896331787109375,-0.13464295864105225,0.0004180850519333035,1.1707223653793335,79.3,-0.1317533254623413,74.50000000000004,3.2276792526245117,1842889,78.1195,0.00036654231371358037,1.296463475111628,0.6801615616895693,72.62615289652815,3.9572410583496094,3200,0.11046314239501953
245,-0.0022512078285217285,-0.13262946903705597,0.0003680438094306737,1.1638331413269043,79.30000000000001,-0.1348806768655777,75.60000000000002,3.2485170364379883,1850389,78.13895781637717,0.0002829774748533964,1.4947925170481362,0.6581392716971562,72.70044318712006,3.984374761581421,3224,0.10967350006103516
246,0.0012028813362121582,-0.13255047798156738,0.0002860777603928,1.1348963975906372,79.4,-0.13134759664535522,74.60000000000004,3.341546058654785,1857899,78.11306532663319,0.0007813224801793694,1.335351186462071,0.7246764315236088,72.53280128689744,4.057394742965698,3184,0.11186361312866211
247,0.0009101927280426025,-0.13165754079818726,0.0007786292117089033,1.115127444267273,79.4,-0.13074734807014465,74.10000000000001,3.2608916759490967,1865399,78.12500000000001,0.0006345888250507414,1.1305388278698925,0.6628536791781374,72.58735406579089,3.9597201347351074,3200,0.11053919792175293
248,0.003488868474960327,-0.1322084218263626,0.0006315279169939458,1.120522379875183,79.19999999999999,-0.12871955335140228,75.10000000000002,6.275253772735596,1872903,78.1742092457421,0.00041695949039421976,1.7051129620820664,0.6340051846957406,72.65901651586861,7.618560075759888,3288,0.21096253395080566
249,-9.325146675109863e-05,-0.13139285147190094,0.00041780457831919193,1.1109355688095093,79.4,-0.13148610293865204,74.50000000000004,6.197626829147339,1880411,78.127680798005,0.0002926396846305579,1.4982500184213103,0.6592952164238406,72.63140900137711,7.59991717338562,3208,0.20949888229370117
250,0.0007948428392410278,-0.13218048214912415,0.00029465308762155473,1.1151655912399292,79.30000000000001,-0.13138563930988312,75.60000000000002,6.237898349761963,1887930,78.14802955665026,0.0005582944140769541,1.4886068605686829,0.6395684806890728,72.65755825060897,7.649458169937134,3248,0.20997834205627441
